"","motif","regex","gcn4_live_count","gcn4_die_count","gcn4_live_percent","hsf1_live_count","hsf1_die_count","hsf1_live_percent"
"1","p53","[ALVIMWYF]..[ALVIMWYF][ALVIMWYF]",34823,749070,4.4423154690755,301,19938,1.48722762982361
"2","RelA_2","[ALVIMWYF][ALVIMWYF]..[ALVIMWYF]..[ALVIMWYF]",21213,404205,4.9863898565646,109,6801,1.57742402315485
"3","CREBZF","D[VILM][VILM][RKDEQNHSTYC][RKDEQNHSTYC][VILM][VILFWYM]",348,2205,13.6310223266745,0,14,0
"4","AR","F..LF",317,2589,10.9084652443221,1,56,1.75438596491228
"5","ANAC013","[DE].{1,2}[YF].{1,4}[DE]L",2210,10818,16.9634633097943,3,82,3.52941176470588
"6","EKLF","[RKDEQNHSTYC][ALVIMWYF][ALVIMWYF]..[ALVIMWYF]..[RKDEQNHSTYC][RKDEQNHSTYC]",8945,188507,4.53021493831412,34,2420,1.38549307253464
"7","WxxLF","W..LF",203,1759,10.3465851172273,0,40,0
"8","stringent_9aa","[MDENQSTYG][^KRHCGP][ILVFWM][^KRHCGP][^CGP][^KRHCGP][ILVFWM][ILVFWMAY][^KRHC]",9026,97287,8.49002473827284,24,866,2.69662921348315
"9","moderate_9aa","[MDENQSTYG][^KRHCGP][ILVFWM][^KRHCGP][^CGP][^CGP][ILVFWM][^CGP][^CGP]",15682,212525,6.87183127599066,47,2308,1.99575371549894
"10","lenient_9aa","[MDENQSTYCPGA].[ILVFWMAY][^KRHCGP][^CGP][^CGP][ILVFWMAY]..",31394,628068,4.76054723395738,182,11275,1.58854848564197
"11","library_baseline","",37923,1010652,3.61662255918747,649,52061,1.23126541453235
"12","no_basic","[^RHK] in sequence",4661,15804,22.7754703151722,123,5222,2.30121608980355
